house,state,mp_name,allocated_amount,constituency,elected_nominated,total_calamity_donated,calamity_count,true_budget
LS,Maharashtra,Aashtikar Patil Nagesh Bapurao,190289442.0,HINGOLI,,0.0,0,190289442.0
LS,Jammu And Kashmir,Abdul Rashid Sheikh,154773472.11,BARAMULLAH,,0.0,0,154773472.11
LS,Bihar,Abhay Kumar Sinha,147000000.0,AURANGABAD_BR,,0.0,0,147000000.0
LS,West Bengal,Abhijit Gangopadhyay,147000000.0,TAMLUK,,0.0,0,147000000.0
LS,West Bengal,Abu Taher Khan,147000000.0,MURSHIDABAD,,0.0,0,147000000.0
LS,West Bengal,Adhikari Soumendu,147000000.0,KANTHI,,0.0,0,147000000.0
LS,Uttar Pradesh,Aditya Yadav,147000000.0,BADAUN,,0.0,0,147000000.0
LS,Kerala,Adv Adoor Prakash,147000000.0,ATTINGAL,,0.0,0,147000000.0
LS,Kerala,Adv Dean Kuriakose,147000000.0,IDUKKI,,0.0,0,147000000.0
LS,Maharashtra,Adv Gowaal Kagada Padavi,147816309.11,NANDURBAR(ST),,0.0,0,147816309.11
LS,Kerala,Adv K Francis George,188722256.11,KOTTAYAM,,0.0,0,188722256.11
LS,Uttar Pradesh,Afzal Ansari,220500000.0,GHAZIPUR,,0.0,0,220500000.0
LS,Jammu And Kashmir,Aga Syed Ruhullah Mehdi,147000000.0,SRINAGAR,,0.0,0,147000000.0
LS,Uttarakhand,Ajay Bhatt,147000000.0,NAINITAL UDHAM SINGH NAG.,,0.0,0,147000000.0
LS,Bihar,Ajay Kumar Mandal,147000000.0,BHAGALPUR,,0.0,0,147000000.0
LS,Uttarakhand,Ajay Tamta,147000000.0,ALMORA(SC),,0.0,0,147000000.0
LS,Uttar Pradesh,Ajendra Singh Lodhi,147000000.0,HAMIRPUR_UP,,0.0,0,147000000.0
LS,Uttar Pradesh,Akhilesh Yadav,147000000.0,KANNAUJ,,0.0,0,147000000.0
LS,Uttar Pradesh,Akshaya Yadav,147000000.0,FIROZABAD,,0.0,0,147000000.0
LS,Manipur,Alfred Kanngam S Arthur,147000000.0,OUTER MANIPUR(ST),,0.0,0,147000000.0
LS,Bihar,Alok Kumar Suman,147000000.0,GOPALGANJ (SC),,0.0,0,147000000.0
LS,Madhya Pradesh,Alok Sharma,147000000.0,BHOPAL,,0.0,0,147000000.0
LS,Maharashtra,Amar Sharadrao Kale,147000000.0,WARDHA,,0.0,0,147000000.0
LS,Assam,Amarsing Tisso,147000000.0,Diphu (ST),,0.0,0,147000000.0
LS,Andhra Pradesh,Ambica G Lakshminarayana Valmiki,201899064.11,ANANTAPUR,,0.0,0,201899064.11
LS,Maharashtra,Amol Ramsing Kolhe,147000000.0,SHIRUR,,0.0,0,147000000.0
LS,Rajasthan,Amraram,165691544.11,SIKAR,,0.0,0,165691544.11
LS,Punjab,Amrinder Singh Raja Warring,147000000.0,LUDHIANA,,0.0,0,147000000.0
LS,Uttar Pradesh,Anand Bhadauriya,147000000.0,DHAURAHRA,,0.0,0,147000000.0
LS,Uttar Pradesh,Anand Kumar,147000000.0,BAHRAICH(SC),,0.0,0,147000000.0
LS,Odisha,Ananta Nayak,147000000.0,KEONJHAR(ST),,0.0,0,147000000.0
LS,Tamil Nadu,Andimuthu Raja,147000000.0,NILGIRIS(SC),,2500000.0,1,144500000.0
LS,Meghalaya,Andrew J. Syngkon,98000000.0,SHILLONG,,0.0,0,98000000.0
LS,Manipur,Angomcha Bimol Akoijam,147000000.0,INNER MANIPUR,,0.0,0,147000000.0
LS,Uttarakhand,Anil Baluni,147000000.0,GARHWAL,,0.0,0,147000000.0
LS,Maharashtra,Anil Yeshwant Desai,147000000.0,MUMBAI SOUTH CENTRAL,,0.0,0,147000000.0
LS,Madhya Pradesh,Anita Nagarsingh Chouhan,147000000.0,RATLAM(ST),,0.0,0,147000000.0
LS,Odisha,Anita Subhadarshini,147000000.0,ASKA,,0.0,0,147000000.0
LS,Jharkhand,Annpurna Devi,166665931.8,KODARMA,,0.0,0,166665931.8
LS,Uttar Pradesh,Anoop Pradhan Balmiki,147000000.0,HATHRAS (SC),,0.0,0,147000000.0
LS,Kerala,Anto Antony,147000000.0,PATHANAMTHITTA,,0.0,0,147000000.0
LS,Maharashtra,Anup Sanjay Dhotre,147000000.0,AKOLA,,0.0,0,147000000.0
LS,Uttar Pradesh,Anurag Sharma,147000000.0,JHANSI,,0.0,0,147000000.0
LS,Himachal Pradesh,Anurag Singh Thakur,149570117.11,HAMIRPUR_HP,,0.0,0,149570117.11
LS,Andhra Pradesh,Appalanaidu Kalisetti,147000000.0,VIZIANAGARAM,,0.0,0,147000000.0
LS,Bihar,Arun Bharti,194924621.11,JAMUI(SC),,0.0,0,194924621.11
LS,Uttar Pradesh,Arun Govil,147000000.0,MEERUT,,0.0,0,147000000.0
LS,Tamil Nadu,Arun Nehru,147000000.0,PERAMBALUR,,0.0,0,147000000.0
LS,Telangana,Aruna. D. K,147000000.0,MAHABUBNAGAR,,0.0,0,147000000.0
LS,West Bengal,Arup Chakraborty,147000000.0,BANKURA,,0.0,0,147000000.0
LS,Telangana,Arvind Dharmapuri,281396355.11,NIZAMABAD,,0.0,0,281396355.11
LS,Maharashtra,Arvind Ganpat Sawant,147000000.0,MUMBAI SOUTH,,0.0,0,147000000.0
LS,Telangana,Asaduddin Owaisi,147000000.0,HYDERABAD,,0.0,0,147000000.0
LS,Madhya Pradesh,Ashish Dubey,147000000.0,JABALPUR,,0.0,0,147000000.0
LS,Uttar Pradesh,Ashok Kumar Rawat,147000000.0,MISRIKH(SC),,0.0,0,147000000.0
LS,Bihar,Ashok Kumar Yadav,147000000.0,MADHUBANI,,0.0,0,147000000.0
LS,West Bengal,Asit Kumar Mal,275694456.74,BOLPUR(SC),,0.0,0,275694456.74
LS,Uttar Pradesh,Atul Garg,155336470.0,GHAZIABAD,,0.0,0,155336470.0
LS,Odisha,Avimanyu Sethi,147000000.0,BHADRAK(SC),,0.0,0,147000000.0
LS,Uttar Pradesh,Awadhesh Prasad,147000000.0,FAIZABAD,,0.0,0,147000000.0
LS,West Bengal,Azad Kirti Jha,179658399.98,BARDHAMAN-DURGAPUR,,0.0,0,179658399.98
LS,Andhra Pradesh,B K Parthasarathi,160491894.11,HINDUPUR,,0.0,0,160491894.11
LS,Uttar Pradesh,Babu Singh Kushwaha,147000000.0,JAUNPUR,,0.0,0,147000000.0
LS,Maharashtra,Bachhav Shobha Dinesh,147000000.0,DHULE,,0.0,0,147000000.0
LS,West Bengal,Bag Mitali,147000000.0,ARAMBAG(SC),,0.0,0,147000000.0
LS,Odisha,Baijayant Panda,147000000.0,KENDRAPARA,,0.0,0,147000000.0
LS,Maharashtra,Bajrang Manohar Sonwane,165899107.19,BEED,,0.0,0,165899107.19
LS,Odisha,Balabhadra Majhi,147413962.11,NABARANGPUR(ST),,0.0,0,147413962.11
LS,Andhra Pradesh,Balashowry Vallabbhaneni,147000000.0,MACHILIPATNAM,,0.0,0,147000000.0
LS,Telangana,Balram Naik Porika,147000000.0,MAHABUBABAD,,0.0,0,147000000.0
LS,Maharashtra,Balwant Baswant Wankhade,198293678.0,AMRAVATI(SC),,0.0,0,198293678.0
LS,Maharashtra,Balya Mama Suresh Gopinath Mhatre,147000000.0,BHIWANDI,,0.0,0,147000000.0
LS,Delhi,Bansuri Swaraj,154306950.0,NEW DELHI,,0.0,0,154306950.0
LS,West Bengal,Bapi Haldar,147000000.0,MATHURAPUR(SC),,0.0,0,147000000.0
LS,Karnataka,Basavaraj Bommai,147000000.0,HAVERI,,0.0,0,147000000.0
LS,Andhra Pradesh,Bastipati Nagaraju Panchalingala,159998515.11,KURNOOL,,0.0,0,159998515.11
LS,Rajasthan,Bhagirath Chaudhary,147000000.0,AJMER,,0.0,0,147000000.0
LS,Rajasthan,Bhajan Lal Jatav,147000000.0,KARAULI-DHOLPUR(SC),,0.0,0,147000000.0
LS,Madhya Pradesh,Bharat Singh Kushwah,151455276.04,GWALIOR,,0.0,0,151455276.04
LS,Gujarat,Bharatbhai Manubhai Sutariya,147000000.0,AMRELI,,0.0,0,147000000.0
LS,Gujarat,Bharatsinhji Shankarji Dabhi,147000000.0,PATAN,,0.0,0,147000000.0
LS,Madhya Pradesh,Bharti Pardhi,154398389.01,BALAGHAT,,0.0,0,154398389.01
LS,Maharashtra,Bhaskar Murlidhar Bhagare,147000000.0,DINDORI(ST),,0.0,0,147000000.0
LS,Maharashtra,Bhausaheb Rajaram Wakchaure,147000000.0,SHIRDI(SC),,0.0,0,147000000.0
LS,Chhattisgarh,Bhojraj Nag,164672734.11,KANKER(ST),,0.0,0,164672734.11
LS,Uttar Pradesh,Bhola Singh,147000000.0,BULANDSHAHR(SC),,0.0,0,147000000.0
LS,Maharashtra,Bhumare Sandipanrao Asaram,147000000.0,AURANGABAD_MH,,0.0,0,147000000.0
LS,Andhra Pradesh,Bhupathiraju Srinivasa varma,147000000.0,NARASAPURAM,,0.0,0,147000000.0
LS,Rajasthan,Bhupender Yadav,147000000.0,ALWAR,,0.0,0,147000000.0
LS,Odisha,Bibhu Prasad Tarai,147000000.0,JAGATSINGHPUR(SC),,0.0,0,147000000.0
LS,Jharkhand,Bidyut Baran Mahato,147000000.0,JAMSHEDPUR,,0.0,0,147000000.0
LS,Assam,Bijuli Kalita Medhi,147000000.0,GUWAHATI,,0.0,0,147000000.0
LS,Tripura,Biplab Kumar Deb,147000000.0,TRIPURA WEST,,2500000.0,1,144500000.0
LS,Andaman And Nicobar Islands,Bishnu Pada Ray,147000000.0,ANDAMAN AND NICOBAR ISLANDS,,0.0,0,147000000.0
LS,Rajasthan,Brijendra Singh Ola,147000000.0,JHUNJHUNU,,0.0,0,147000000.0
LS,Chhattisgarh,Brijmohan Agrawal,153766451.11,RAIPUR,,0.0,0,153766451.11
LS,Madhya Pradesh,Bunty Vivek Sahu,147000000.0,CHHINDWARA,,0.0,0,147000000.0
LS,Gujarat,C R Patil,158532494.36,NAVSARI,,0.0,0,158532494.36
LS,Andhra Pradesh,C.M.Ramesh,202531656.11,ANAKAPALLE,,0.0,0,202531656.11
LS,Karnataka,Captain Brijesh Chowta,147000000.0,DAKSHINA KANNADA,,0.0,0,147000000.0
LS,Goa,Captain Viriato Fernandes,147000000.0,SOUTH GOA,,0.0,0,147000000.0
LS,Telangana,Chamala Kiran Kumar Reddy,147000000.0,BHONGIR,,0.0,0,147000000.0
LS,Uttar Pradesh,Chandan Chauhan,147000000.0,BIJNOR,,0.0,0,147000000.0
LS,Rajasthan,Chandra Prakash Joshi,147000000.0,CHITTORGARH,,0.0,0,147000000.0
LS,Uttar Pradesh,Chandra Shekhar,147000000.0,NAGINA(SC),,0.0,0,147000000.0
LS,Gujarat,Chandubhai Chhaganbhai Shihora,147000000.0,SURENDRANAGAR,,0.0,0,147000000.0
LS,Punjab,Charanjit Singh Channi,147000000.0,JALANDHAR(SC),,0.0,0,147000000.0
LS,Maharashtra,Chavan Vasantrao Balwantrao,,NANDED,,0.0,0,
LS,Uttar Pradesh,Chhatra Pal Singh Gangwar,147000000.0,BAREILLY,,0.0,0,147000000.0
LS,Maharashtra,Chhatrapati Shahu Shahaji,147000000.0,KOLHAPUR,,0.0,0,147000000.0
LS,Uttar Pradesh,Chhotelal,147000000.0,ROBERTSGANJ(SC),,0.0,0,147000000.0
LS,Chhattisgarh,Chintamani Maharaj,147000000.0,SARGUJA(ST),,0.0,0,147000000.0
LS,Bihar,Chirag Paswan,147000000.0,HAJIPUR(SC),,0.0,0,147000000.0
LS,Tamil Nadu,CN Annadurai,148579509.11,TIRUVANNAMALAI,,0.0,0,148579509.11
LS,Tamil Nadu,D M Kathir Anand,160196941.11,VELLORE,,0.0,0,160196941.11
LS,Tamil Nadu,D Ravikumar,197598306.11,VILUPPURAM(SC),,0.0,0,197598306.11
LS,Andhra Pradesh,Daggubati Purandeshwari,147000000.0,RAJAHMUNDRY,,0.0,0,147000000.0
LS,Andhra Pradesh,Daggumalla Prasada Rao,147000000.0,CHITTOOR,,0.0,0,147000000.0
LS,Rajasthan,Damodar Agarwal,147000000.0,BHILWARA,,0.0,0,147000000.0
LS,Uttar Pradesh,Daroga Prasad Saroj,147000000.0,LALGANJ (SC),,0.0,0,147000000.0
LS,Madhya Pradesh,Darshan Singh Choudhary,147000000.0,HOSHANGABAD,,0.0,0,147000000.0
LS,Haryana,Deepender Singh Hooda,147000000.0,ROHTAK,,0.0,0,147000000.0
LS,Uttar Pradesh,Devendra Alias Bhole Singh,147000000.0,AKBARPUR,,0.0,0,147000000.0
LS,Bihar,Devesh Chandra Thakur,163809205.11,SITAMARHI,,0.0,0,163809205.11
LS,Uttar Pradesh,Devesh Shakya,147000000.0,ETAH,,0.0,0,147000000.0
LS,Gujarat,Devusinh Jesingbhai Chauhan,147000000.0,KHEDA,,0.0,0,147000000.0
LS,Maharashtra,Dhairyasheel Sambhajirao Mane,147000000.0,HATKANANGLE,,0.0,0,147000000.0
LS,Maharashtra,Dhanorkar Pratibha Suresh Alias Balubhau,147000000.0,CHANDRAPUR,,0.0,0,147000000.0
LS,Odisha,Dharmendra Pradhan,147000000.0,SAMBALPUR,,0.0,0,147000000.0
LS,Uttar Pradesh,Dharmendra Yadav,147000000.0,AZAMGARH,,0.0,0,147000000.0
LS,Gujarat,Dhaval Laxmanbhai Patel,147000000.0,VALSAD(ST),,0.0,0,147000000.0
LS,Bihar,Dileshwar Kamait,150450930.89,SUPAUL,,0.0,0,150450930.89
LS,Assam,Dilip Saikia,147000000.0,Darrang-Udalguri,,0.0,0,147000000.0
LS,Bihar,Dinesh Chandra Yadav,150070866.11,MADHEPURA,,0.0,0,150070866.11
LS,Gujarat,Dineshbhai Makwana,160434965.11,AHMEDABAD WEST(SC),,0.0,0,160434965.11
LS,Andhra Pradesh,Dr Byreddy Shabari,150675889.11,NANDYAL,,0.0,0,150675889.11
LS,Karnataka,Dr C N Manjunath,147000000.0,BANGALORE RURAL,,500000.0,1,146500000.0
LS,Andhra Pradesh,Dr Chandra Sekhar Pemmasani,159774113.11,GUNTUR,,0.0,0,159774113.11
LS,Punjab,Dr Dharamvira Gandhi,147000000.0,PATIALA,,0.0,0,147000000.0
LS,West Bengal,Dr Jayanta Kumar Roy,147000000.0,JALPAIGURI(SC),,0.0,0,147000000.0
LS,Maharashtra,Dr Kalge Shivaji Bandappa,147000000.0,LATUR(SC),,0.0,0,147000000.0
LS,Bihar,Dr Mohammad Jawed,148669229.11,KISHANGANJ,,0.0,0,148669229.11
LS,Uttar Pradesh,Dr Rajkumar Sangwan,147000000.0,BAGHPAT,,0.0,0,147000000.0
LS,Tamil Nadu,Dr Rani Sri Kumar,153060922.82,TENKASI(SC),,0.0,0,153060922.82
LS,Kerala,Dr Shashi Tharoor,147000000.0,THIRUVANANTHAPURAM,,0.0,0,147000000.0
LS,West Bengal,Dr Sukanta Majumdar,157085364.9,BALURGHAT,,0.0,0,157085364.9
LS,Gujarat,Dr. Hemang Joshi,147000000.0,VADODARA,,0.0,0,147000000.0
LS,Maharashtra,Dr. Hemant Vishnu Savara,147000000.0,PALGHAR(ST),,0.0,0,147000000.0
LS,Maharashtra,Dr. Kirsan Namdeo,147000000.0,GADCHIROLI-CHIMUR(ST),,0.0,0,147000000.0
LS,Madhya Pradesh,Dr. Lata Wankhede,147000000.0,SAGAR,,0.0,0,147000000.0
LS,Kerala,Dr. M.P Abdussamad Samadani,170434031.11,PONNANI,,0.0,0,170434031.11
LS,Gujarat,Dr. Mansukh Mandaviya,147000000.0,PORBANDAR,,0.0,0,147000000.0
LS,Karnataka,Dr. Prabha Mallikarjun,147000000.0,DAVANAGERE,,0.0,0,147000000.0
LS,Odisha,Dr. Pradeep Kumar Panigrahy,147000000.0,BERHAMPUR,,0.0,0,147000000.0
LS,Maharashtra,Dr. Prashant Yadaorao Padole,159680283.39,BHANDARA-GONDIYA,,0.0,0,159680283.39
LS,Punjab,Dr. Raj Kumar Chabbewal,147000000.0,HOSHIARPUR(SC),,0.0,0,147000000.0
LS,Madhya Pradesh,Dr. Rajesh Mishra,262724510.35,SIDHI,,0.0,0,262724510.35
LS,Uttar Pradesh,Dr. S P Singh,147000000.0,PRATAPGARH,,0.0,0,147000000.0
LS,West Bengal,Dr. Sharmila Sarkar,147000000.0,BARDHAMAN PURBA(SC),,0.0,0,147000000.0
LS,Karnataka,Dr.K.Sudhakar,147000000.0,CHIKBALLAPUR,,0.0,0,147000000.0
LS,Telangana,Dr.Mallu Ravi,147000000.0,NAGARKURNOOL(SC),,0.0,0,147000000.0
LS,Jharkhand,Dulu Mahato,147000000.0,DHANBAD,,0.0,0,147000000.0
LS,Tamil Nadu,Durai Vaiko,147000000.0,TIRUCHIRAPPALLI,,0.0,0,147000000.0
LS,Madhya Pradesh,Durga Das Uikey,151569502.91,BETUL(ST),,0.0,0,151569502.91
LS,Rajasthan,Dushyant Singh,147000000.0,JHALAWAR-BARAN,,0.0,0,147000000.0
LS,Karnataka,E. Tukaram,147000000.0,BELLARY(ST),,0.0,0,147000000.0
LS,Kerala,E.T. Mohammed Basheer,163895872.11,MALAPPURAM,,0.0,0,163895872.11
LS,Telangana,Eatala Rajender,327477390.86,MALKAJGIRI,,0.0,0,327477390.86
LS,Tamil Nadu,Eswarasamy K,162315106.11,POLLACHI,,0.0,0,162315106.11
LS,Madhya Pradesh,Faggan Singh Kulaste,151861648.41,MANDLA(ST),,0.0,0,151861648.41
LS,Karnataka,G. Kumar Naik,147000000.0,RAICHUR(ST),,0.0,0,147000000.0
LS,Maharashtra,Gaikwad Varsha Eknath,147000000.0,MUMBAI NORTH-CENTRAL,,0.0,0,147000000.0
LS,Madhya Pradesh,Gajendra Singh Patel,147000000.0,KHARGONE(ST),,0.0,0,147000000.0
LS,Rajasthan,Gajendra Singh Shekhawat,147000000.0,JODHPUR,,0.0,0,147000000.0
LS,Tamil Nadu,Ganapathy Rajkumar P,147370490.11,COIMBATORE,,0.0,0,147370490.11
LS,Tamil Nadu,Ganesan Selvam,186508749.11,KANCHEEPURAM(SC),,0.0,0,186508749.11
LS,Madhya Pradesh,Ganesh Singh,147000000.0,SATNA,,0.0,0,147000000.0
LS,Assam,Gaurav Gogoi,147000000.0,JORHAT,,0.0,0,147000000.0
LS,Gujarat,Geniben Nagaji Thakor,147000000.0,BANASKANTHA,,0.0,0,147000000.0
LS,Bihar,Giridhari Yadav,147000000.0,BANKA,,0.0,0,147000000.0
LS,Bihar,Giriraj Singh,147000000.0,BEGUSARAI,,0.0,0,147000000.0
LS,Andhra Pradesh,GM Harish Balayogi,147000000.0,AMALAPURAM(SC),,0.0,0,147000000.0
LS,Telangana,Godam Nagesh,147000000.0,ADILABAD(ST),,0.0,0,147000000.0
LS,Tamil Nadu,Gopinath K,147000000.0,KRISHNAGIRI,,0.0,0,147000000.0
LS,Karnataka,Govind Makthappa Karjol,147000000.0,CHITRADURGA(SC),,0.0,0,147000000.0
LS,Andhra Pradesh,Gumma Thanuja Rani,149458905.11,ARAKU(ST),,0.0,0,149458905.11
LS,Punjab,Gurmeet Singh Meet Hayer,147000000.0,SANGRUR,,7500000.0,1,139500000.0
LS,Madhya Pradesh,Gyaneshwar Patil,155690684.77,KHANDWA,,0.0,0,155690684.77
LS,Karnataka,H.D. Kumaraswamy,147000000.0,MANDYA,,0.0,0,147000000.0
LS,Uttar Pradesh,Harendra Singh Malik,147000000.0,MUZAFFARNAGAR,,0.0,0,147000000.0
LS,Gujarat,Haribhai Patel,147000000.0,MAHESANA,,0.0,0,147000000.0
LS,Rajasthan,Harish Chandra Meena,147000000.0,TONK-SAWAI MADHOPUR,,0.0,0,147000000.0
LS,Delhi,Harsh Malhotra,147134131.0,EAST DELHI,,0.0,0,147134131.0
LS,Gujarat,Hasmukh Bhai Soma Bhai Patel,147000000.0,AHMEDABAD EAST,,0.0,0,147000000.0
LS,Uttar Pradesh,Imran Masood,147000000.0,SAHARANPUR,,0.0,0,147000000.0
LS,Sikkim,Indra Hang Subba,152003923.11,SIKKIM,,0.0,0,152003923.11
LS,Uttar Pradesh,Iqra Choudhary,147000000.0,KAIRANA,,0.0,0,147000000.0
LS,West Bengal,Isha Khan Choudhury,147000000.0,MALDAHA DAKSHIN,,0.0,0,147000000.0
LS,West Bengal,Jagadish Chandra Barma Basunia,168604641.11,COOCHBEHAR(SC),,0.0,0,168604641.11
LS,Karnataka,Jagadish Shettar,147000000.0,BELGAUM,,0.0,0,147000000.0
LS,West Bengal,Jagannath Sarkar,147000000.0,RANAGHAT(SC),,0.0,0,147000000.0
LS,Uttar Pradesh,Jagdambika Pal,160643957.11,DOMARIYAGANJ,,0.0,0,160643957.11
LS,Haryana,Jai Parkash,147000000.0,HISAR,,0.0,0,147000000.0
LS,Uttar Pradesh,Jai Prakash,147000000.0,HARDOI (SC),,0.0,0,147000000.0
LS,Madhya Pradesh,Janardan Mishra,147000000.0,REWA,,0.0,0,147000000.0
LS,Gujarat,Jashubhai Bhilubhai Rathva,147000000.0,CHHOTA UDAIPUR(ST),,0.0,0,147000000.0
LS,Gujarat,Jaswantsinh Sumanbhai Bhabhor,147000000.0,DAHOD(ST),,0.0,0,147000000.0
LS,Bihar,Jitan Ram Manjhi,147000000.0,GAYA (SC),,0.0,0,147000000.0
LS,Uttar Pradesh,Jitendra Kumar Dohare,188747306.26,ETAWAH(SC),,0.0,0,188747306.26
LS,Jammu And Kashmir,Jitendra Singh,147000000.0,UDHAMPUR,,0.0,0,147000000.0
LS,Uttar Pradesh,Jitin Prasada,147000000.0,PILIBHIT,,0.0,0,147000000.0
LS,Jharkhand,Joba Majhi,147000000.0,SINGHBHUM(ST),,0.0,0,147000000.0
LS,Assam,Joyanta Basumatary,147000000.0,KOKRAJHAR (ST),,0.0,0,147000000.0
LS,West Bengal,June Maliah,147000000.0,MEDINIPUR,,0.0,0,147000000.0
LS,Madhya Pradesh,Jyotiraditya M. Scindia,147000000.0,GUNA,,0.0,0,147000000.0
LS,Chhattisgarh,Jyotsna Charandas Mahant,155153738.11,KORBA,,0.0,0,155153738.11
LS,Tamil Nadu,K E Prakash,147000000.0,ERODE,,0.0,0,147000000.0
LS,Kerala,K Radhakrishnan,147000000.0,ALATHUR(SC),,2500000.0,1,144500000.0
LS,Tamil Nadu,K Subbarayan,147000000.0,TIRUPPUR,,0.0,0,147000000.0
LS,Kerala,K. C Venugopal,147000000.0,ALAPPUZHA,,0.0,0,147000000.0
LS,Karnataka,K. Rajashekar Basavaraj Hitnal,147000000.0,KOPPAL,,0.0,0,147000000.0
LS,Telangana,Kadiyam Kavya,147000000.0,WARANGEL(SC),,0.0,0,147000000.0
LS,West Bengal,Kakoli Ghosh Dastidar,147000000.0,BARASAT,,0.0,0,147000000.0
LS,The Dadra And Nagar Haveli And Daman And Diu,Kalaben Mohanbhai Delkar,269500000.0,DADRA & NAGAR HAVELI (ST),,0.0,0,269500000.0
LS,Tamil Nadu,Kalanidhi Veeraswamy,171500000.0,CHENNAI NORTH,,0.0,0,171500000.0
LS,Jharkhand,Kali Charan Munda,147000000.0,KHUNTI(ST),,0.0,0,147000000.0
LS,Jharkhand,Kali Charan Singh,147000000.0,CHATRA,,0.0,0,147000000.0
LS,West Bengal,Kalipada Saren,147000000.0,JHARGRAM(ST),,0.0,0,147000000.0
LS,West Bengal,Kalyan Banerjee,147000000.0,SREERAMPUR,,0.0,0,147000000.0
LS,Maharashtra,Kalyan Vaijinathrao Kale,147000000.0,JALNA,,0.0,0,147000000.0
LS,Assam,Kamakhya Prasad Tasa,147000000.0,Kaziranga,,0.0,0,147000000.0
LS,Delhi,Kamaljeet Sehrawat,147000000.0,WEST DELHI,,0.0,0,147000000.0
LS,Chhattisgarh,Kamlesh Jangde,150384382.11,JANJGIR CHAMPA(SC),,0.0,0,150384382.11
LS,Uttar Pradesh,Kamlesh Paswan,147000000.0,BANSGAON(SC),,0.0,0,147000000.0
LS,Himachal Pradesh,Kangana Ranaut,147000000.0,MANDI,,0.0,0,147000000.0
LS,Tamil Nadu,Kani K Navas,147000000.0,RAMANATHAPURAM,,0.0,0,147000000.0
LS,Tamil Nadu,Kanimozhi Karunanidhi,147000000.0,THOOTHUKKUDI,,0.0,0,147000000.0
LS,Uttar Pradesh,Kanwar Singh Tanwar,147000000.0,AMROHA,,0.0,0,147000000.0
LS,Uttar Pradesh,Karan Bhushan Singh,147000000.0,KAISERGANJ,,0.0,0,147000000.0
LS,West Bengal,Kartick Chandra Paul,202677986.56,RAIGANJ,,0.0,0,202677986.56
LS,Bihar,Kaushalendra Kumar,147000000.0,NALANDA,,0.0,0,147000000.0
LS,West Bengal,Khagen Murmu,147000000.0,MALDAHA UTTAR,,0.0,0,147000000.0
LS,West Bengal,Khalilur Rahaman,147000000.0,JANGIPUR,,0.0,0,147000000.0
LS,Andhra Pradesh,Kinjarapu Ram Mohan Naidu,171200630.11,SRIKAKULAM,,0.0,0,171200630.11
LS,Arunachal Pradesh,Kiren Rijiju,147000000.0,ARUNACHAL WEST,,0.0,0,147000000.0
LS,Uttar Pradesh,Kirti Vardhan Singh,147000000.0,GONDA,,0.0,0,147000000.0
LS,Telangana,Kishan Reddy Gangapuram,147000000.0,SECUNDERABAD,,0.0,0,147000000.0
LS,Uttar Pradesh,Kishori Lal,171500000.0,AMETHI,,0.0,0,171500000.0
LS,Telangana,Konda Vishweshwar Reddy,233721420.96,CHELVELLA,,0.0,0,233721420.96
LS,Karnataka,Kota Srinivas Poojary,147000000.0,UDUPI CHIKMAGALUR,,0.0,0,147000000.0
LS,Assam,Kripanath Mallah,147000000.0,KARIMGANJ (SC),,0.0,0,147000000.0
LS,Haryana,Krishan Pal Gurjar,147000000.0,FARIDABAD,,0.0,0,147000000.0
LS,Uttar Pradesh,Krishna Devi Shivshanker Patel,147000000.0,BANDA,,0.0,0,147000000.0
LS,Andhra Pradesh,Krishna Prasad Tenneti,167796849.11,BAPATLA,,1000000.0,1,166796849.11
LS,Tripura,Kriti Devi Debbarman,147000000.0,TRIPURA EAST(ST),,0.0,0,147000000.0
LS,Rajasthan,Kuldeep Indora,147000000.0,GANGANAGAR(SC),,0.0,0,147000000.0
LS,Telangana,Kunduru Raghuveer,162952022.0,NALGONDA,,0.0,0,162952022.0
LS,Uttar Pradesh,Lalji Verma,147000000.0,AMBEDKAR NAGAR,,0.0,0,147000000.0
LS,Andhra Pradesh,Lavu Sri Krishna Devarayalu,174009663.11,NARASARAOPET,,0.0,0,174009663.11
LS,Uttar Pradesh,Laxmikant Pappu Nishad,147000000.0,SANT KABIR NAGAR,,0.0,0,147000000.0
LS,Bihar,Lovely Anand,147000000.0,SHEOHAR,,0.0,0,147000000.0
LS,Rajasthan,Lumbaram,147000000.0,JALORE,,0.0,0,147000000.0
LS,Karnataka,M. Mallesh Babu,147065957.11,KOLAR(SC),,0.0,0,147065957.11
LS,Tamil Nadu,M.K. Vishnuprasad,147000000.0,CUDDALORE,,0.0,0,147000000.0
LS,Andhra Pradesh,Maddila Gurumoorthy,180399007.0,TIRUPATI(SC),,0.0,0,180399007.0
LS,Telangana,Madhavaneni Raghunandan Rao,147000000.0,MEDAK,,0.0,0,147000000.0
LS,Andhra Pradesh,Magunta Sreenivasulu Reddy,147000000.0,ONGOLE,,0.0,0,147000000.0
LS,Madhya Pradesh,Mahendra Singh Solanky,147000000.0,DEWAS(SC),,0.0,0,147000000.0
LS,Chhattisgarh,Mahesh Kashyap,147000000.0,BASTAR(ST),,0.0,0,147000000.0
LS,Uttar Pradesh,Mahesh Sharma,148816284.11,GAUTAM BUDDHA NAGAR,,0.0,0,148816284.11
LS,Rajasthan,Mahima Kumari Mewar,183892143.0,RAJSAMAND,,0.0,0,183892143.0
LS,Uttarakhand,Mala Rajya Laxmi Shah,147000000.0,TEHRI GARHWAL,,0.0,0,147000000.0
LS,West Bengal,Mala Roy,147000000.0,KOLKATA DAKSHIN,,0.0,0,147000000.0
LS,Tamil Nadu,Malaiyarasan D,201599593.0,KALLAKURICHI,,0.0,0,201599593.0
LS,Odisha,Malvika Devi,147000000.0,KALAHANDI,,0.0,0,147000000.0
LS,Punjab,Malvinder Singh Kang,147000000.0,ANANDPUR SAHIB,,0.0,0,147000000.0
LS,Tamil Nadu,Mani. A.,164515071.11,DHARAMAPURI,,0.0,0,164515071.11
LS,Tamil Nadu,Manickam Tagore B,147000000.0,VIRUDHUNAGAR,,0.0,0,147000000.0
LS,Jharkhand,Manish Jaiswal,147000000.0,HAZARIBAGH,,0.0,0,147000000.0
LS,Chandigarh,Manish Tewari,178351443.75,CHANDIGARH,,0.0,0,178351443.75
LS,Rajasthan,Manju Sharma,167082901.11,JAIPUR,,0.0,0,167082901.11
LS,Rajasthan,Manna Lal Rawat,147000000.0,UDAIPUR(ST),,0.0,0,147000000.0
LS,Haryana,Manohar Lal,147000000.0,KARNAL,,0.0,0,147000000.0
LS,Bihar,Manoj Kumar,147000000.0,SASARAM(SC),,0.0,0,147000000.0
LS,West Bengal,Manoj Tigga,147000000.0,ALIPURDUARS(ST),,0.0,0,147000000.0
LS,Delhi,Manoj Tiwari,225843858.0,NORTH EAST DELHI,,0.0,0,225843858.0
LS,Gujarat,Mansukhbhai Dhanjibhai Vasava,147000000.0,BHARUCH,,0.0,0,147000000.0
LS,Jammu And Kashmir,Mian Altaf Ahmad,147000000.0,ANANTNAG,,0.0,0,147000000.0
LS,Andhra Pradesh,Midhun Reddy,178951477.11,RAJAMPET,,0.0,0,178951477.11
LS,Bihar,Misha Bharti,147000000.0,PATALIPUTRA,,0.0,0,147000000.0
LS,Gujarat,Mitesh Rameshbhai Bakabhai Patel,147000000.0,ANAND,,0.0,0,147000000.0
LS,Ladakh,Mohamed Haneefa,161114542.0,LADAKH,,0.0,0,161114542.0
LS,Uttar Pradesh,Mohibbullah,147000000.0,RAMPUR,,0.0,0,147000000.0
LS,Maharashtra,Mohite Patil Dhairyasheel Rajsinh,195613601.7,MADHA,,0.0,0,195613601.7
LS,Bihar,Mr Gopal Jee Thakur,147000000.0,DARBHANGA,,0.0,0,147000000.0
LS,West Bengal,Ms Mahua Moitra,159865046.0,KRISHNANAGAR,,0.0,0,159865046.0
LS,Lakshadweep,Muhammed Hamdullah Sayeed,153942460.41,LAKSHADWEEP(ST),,0.0,0,153942460.41
LS,Uttar Pradesh,Mukesh Rajput,147000000.0,FARRUKHABAD,,0.0,0,147000000.0
LS,Gujarat,Mukeshkumar Chandrakaant Dalal,147000000.0,SURAT,,0.0,0,147000000.0
LS,Rajasthan,Murari Lal Meena,147000000.0,DAUSA(ST),,0.0,0,147000000.0
LS,Tamil Nadu,Murasoli S,147000000.0,THANJAVUR,,0.0,0,147000000.0
LS,Maharashtra,Murlidhar Mohol,147000000.0,PUNE,,0.0,0,147000000.0
LS,Odisha,Naba Charan Majhi,147563957.11,MAYURBHANJ (ST),,0.0,0,147563957.11
LS,Jharkhand,Nalin Soren,147364097.11,DUMKA(ST),,0.0,0,147364097.11
LS,Uttar Pradesh,Narayan Das Ahirwar,147000000.0,JALAUN(SC),,0.0,0,147000000.0
LS,Maharashtra,Narayan Tatu Rane,147000000.0,RATNAGIRI-SINDHUDURG,,0.0,0,147000000.0
LS,Uttar Pradesh,Naresh Chandra Uttam Patel,147000000.0,FATEHPUR,,0.0,0,147000000.0
LS,Maharashtra,Naresh Ganpat Mhaske,147000000.0,THANE,,0.0,0,147000000.0
LS,Haryana,Naveen Jindal,147000000.0,KURUKSHETRA,,0.0,0,147000000.0
LS,Uttar Pradesh,Neeraj Maurya,147000000.0,AONLA,,0.0,0,147000000.0
LS,Maharashtra,Nilesh Dnyandev Lanke,147000000.0,AHMEDNAGAR,,0.0,0,147000000.0
LS,Gujarat,Nimuben Jayantibhai Bambhaniya,147000000.0,BHAVNAGAR,,0.0,0,147000000.0
LS,Jharkhand,Nishikant Dubey,147000000.0,GODDA,,0.0,0,147000000.0
LS,Maharashtra,Nitin Jairam Gadkari,168195086.11,NAGPUR,,0.0,0,168195086.11
LS,Bihar,Nityanand Rai,147000000.0,UJJARPUR,,0.0,0,147000000.0
LS,Rajasthan,Om Birla,163906956.6,KOTA,,0.0,0,163906956.6
LS,Maharashtra,Omprakash Bhupalsinh Alias Pawan Rajenimbalkar,184758519.11,OSMANABAD,,0.0,0,184758519.11
LS,Karnataka,P C Mohan,159995711.11,BANGALORE CENTRAL,,0.0,0,159995711.11
LS,Uttar Pradesh,Pankaj Chowdhary,147000000.0,MAHARAJGANJ_UP,,0.0,0,147000000.0
LS,Assam,Parimal Suklabaidya,148300157.11,SILCHAR,,0.0,0,148300157.11
LS,Gujarat,Parshottambhai Rupala,147000000.0,RAJKOT,,0.0,0,147000000.0
LS,West Bengal,Partha Bhowmick,147000000.0,BARRACKPUR,,0.0,0,147000000.0
LS,Karnataka,Parvatagouda Chandanagouda Gaddigoudar,167541747.11,BAGALKOT,,0.0,0,167541747.11
LS,The Dadra And Nagar Haveli And Daman And Diu,Patel Umeshbhai Babubhai,245063957.0,DAMAN and DIU,,0.0,0,245063957.0
LS,West Bengal,Pathan Yusuf,147000000.0,BAHARAMPUR,,0.0,0,147000000.0
LS,Assam,Phani Bhusan Choudhury,147000000.0,BARPETA,,0.0,0,147000000.0
LS,Maharashtra,Piyush Vedprakash Goyal,147000000.0,MUMBAI NORTH,,0.0,0,147000000.0
LS,Andhra Pradesh,Prabhakar Reddy Vemireddy,147000000.0,NELLORE(SC),,0.0,0,147000000.0
LS,Gujarat,Prabhubhai Nagarbhai Vasava,147000000.0,BARDOLI(ST),,0.0,0,147000000.0
LS,Assam,Pradan Baruah,147000000.0,LAKHIMPUR,,0.0,0,147000000.0
LS,Bihar,Pradeep Kumar Singh,147000000.0,ARARIA,,0.0,0,147000000.0
LS,Odisha,Pradeep Purohit,147000000.0,BARGARH,,0.0,0,147000000.0
LS,Assam,Pradyut Bordoloi,98000000.0,NOWGONG,,0.0,0,98000000.0
LS,Karnataka,Pralhad Venkatesh Joshi,147000000.0,DHARWAD,,0.0,0,147000000.0
LS,Maharashtra,Praniti Sushilkumar Shinde,147000000.0,SOLAPUR(SC),,0.0,0,147000000.0
LS,West Bengal,Prasun Banerjee,147000000.0,HOWRAH,,0.0,0,147000000.0
LS,Odisha,Pratap Chandra Sarangi,147064254.11,BALASORE,,0.0,0,147064254.11
LS,Maharashtra,Prataprao Jadhav,147000000.0,BULDHANA,,0.0,0,147000000.0
LS,West Bengal,Pratima Mondal,147000000.0,JOYNAGAR(SC),,0.0,0,147000000.0
LS,Delhi,Praveen Khandelwal,147470276.0,CHANDINI CHOWK,,0.0,0,147470276.0
LS,Uttar Pradesh,Praveen Patel,151559884.09,PHULPUR,,0.0,0,151559884.09
LS,Uttar Pradesh,Priya Saroj,147000000.0,MACHHLISHAHR(SC),,0.0,0,147000000.0
LS,Kerala,Priyanka Gandhi Vadra,122500000.0,WAYANAD,,0.0,0,122500000.0
LS,Karnataka,Priyanka Satish Jarkiholi,147000000.0,CHIKKODI,,0.0,0,147000000.0
LS,West Bengal,Prof Sougata Ray,147000000.0,DUM DUM,,0.0,0,147000000.0
LS,Uttar Pradesh,Prof SP Singh Baghel,147000000.0,AGRA(SC),,0.0,0,147000000.0
LS,Uttar Pradesh,Pushpendra Saroj,147000000.0,KAUSHAMBI(SC),,0.0,0,147000000.0
LS,Andhra Pradesh,Putta Mahesh Kumar,147000000.0,ELURU,,0.0,0,147000000.0
LS,Uttar Pradesh,R.K. Chaudhary,147000000.0,MOHANLALGANJ(SC),,0.0,0,147000000.0
LS,Odisha,Rabindra Narayan Behera,147064617.11,JAJPUR(SC),,0.0,0,147064617.11
LS,West Bengal,Rachna Banerjee,147000000.0,HOOGHLY,,0.0,0,147000000.0
LS,Bihar,Radha Mohan Singh,147000000.0,PURVI CHAMPARAN,,0.0,0,147000000.0
LS,Karnataka,Radhakrishna,147000000.0,GULBARGA(SC),,0.0,0,147000000.0
LS,Chhattisgarh,Radhe Shyam Rathiya,159706972.09,RAIGARH(ST),,0.0,0,159706972.09
LS,Uttar Pradesh,Rahul Gandhi,147000000.0,RAE BARELI,,0.0,0,147000000.0
LS,Rajasthan,Rahul Kaswan,147000000.0,CHURU,,0.0,0,147000000.0
LS,Madhya Pradesh,Rahul Singh Lodhi,163058785.37,DAMOH,,0.0,0,163058785.37
LS,Bihar,Raj Bhushan Choudhary,147000000.0,MUZAFFARPUR,,0.0,0,147000000.0
LS,Rajasthan,Raj Kumar Roat,147000000.0,BANSWARA(ST),,0.0,0,147000000.0
LS,Bihar,Raja Ram Singh,147000000.0,KARAKAT,,0.0,0,147000000.0
LS,Maharashtra,Rajabhau,152878682.11,NASHIK,,0.0,0,152878682.11
LS,Himachal Pradesh,Rajeev Bhardwaj,179388967.11,KANGRA,,0.0,0,179388967.11
LS,Uttar Pradesh,Rajeev Rai,147000000.0,GHOSI,,0.0,0,147000000.0
LS,Bihar,Rajesh Ranjan Alias Pappu Yadav,147000000.0,PURNEA,,0.0,0,147000000.0
LS,Bihar,Rajesh Verma,147000000.0,KHAGARIA,,0.0,0,147000000.0
LS,Gujarat,Rajeshbhai Naranbhai Chudasama,147000000.0,JUNAGADH,,0.0,0,147000000.0
LS,Bihar,Rajiv Pratap Rudy,147000000.0,SARAN,,0.0,0,147000000.0
LS,Bihar,Rajiv Ranjan (Lalan) Singh,147000000.0,MUNGER,,0.0,0,147000000.0
LS,Uttar Pradesh,Rajkumar Chahar,147000000.0,FATEHPUR SIKRI,,0.0,0,147000000.0
LS,Uttar Pradesh,Rajnath Singh,154808797.11,LUCKNOW,,0.0,0,154808797.11
LS,Gujarat,Rajpalsinh Mahendrasinh Jadav,147000000.0,PANCHMAHAL,,0.0,0,147000000.0
LS,West Bengal,Raju Bista,147000000.0,DARJEELING,,0.0,0,147000000.0
LS,Uttar Pradesh,Rakesh Rathor,147000000.0,SITAPUR,,0.0,0,147000000.0
LS,Assam,Rakibul Hussain,147000000.0,DHUBRI,,0.0,0,147000000.0
LS,Uttar Pradesh,Ram Prasad Chaudhary,204176957.11,BASTI,,0.0,0,204176957.11
LS,Uttar Pradesh,Ram Shiromani,151746878.11,SHRAWASTI,,0.0,0,151746878.11
LS,Telangana,Ramasahayam Raghuram Reddy,147000000.0,KHAMMAM,,0.0,0,147000000.0
LS,Uttar Pradesh,Ramashankar Rajbhar,160056927.07,SALEMPUR,,0.0,0,160056927.07
LS,Uttar Pradesh,Rambhual Nishad,151231957.11,SULTANPUR,,0.0,0,151231957.11
LS,Uttar Pradesh,Ramesh Awasthi,147000000.0,KANPUR,,0.0,0,147000000.0
LS,Karnataka,Ramesh Chandappa Jigajinagi,269500000.0,BIJAPUR(SC),,0.0,0,269500000.0
LS,Bihar,Ramprit Mandal,147000000.0,JHANJHARPUR,,0.0,0,147000000.0
LS,Delhi,Ramvir Singh Bidhuri,147559100.0,SOUTH DELHI,,0.0,0,147559100.0
LS,Assam,Ranjit Dutta,147000000.0,Sonitpur,,0.0,0,147000000.0
LS,Haryana,Rao Inderjit Singh,147000000.0,GURGAON,,0.0,0,147000000.0
LS,Rajasthan,Rao Rajendra Singh,147000000.0,JAIPUR RURAL,,0.0,0,147000000.0
LS,Bihar,Ravi Shankar Prasad,147000000.0,PATNA SAHIB,,0.0,0,147000000.0
LS,Maharashtra,Ravindra Dattaram Waikar,147000000.0,MUMBAI NORTH WEST,,0.0,0,147000000.0
LS,Uttar Pradesh,Ravindra Shyamnarayan Alias Ravi Kishan Shukla,147000000.0,GORAKHPUR,,0.0,0,147000000.0
LS,Maharashtra,Ravindra Vasantrao Chavan,147000000.0,NANDED,,0.0,0,147000000.0
LS,Mizoram,Richard Vanlalhmangaiha,147000000.0,MIZORAM (ST),,0.0,0,147000000.0
LS,Tamil Nadu,Robert Bruce C,147475440.11,TIRUNELVELI,,0.0,0,147475440.11
LS,Madhya Pradesh,Rodmal Nagar,147000000.0,RAJGARH,,0.0,0,147000000.0
LS,Chhattisgarh,Roop Kumari Choudhary,153035414.0,MAHASAMUND,,0.0,0,153035414.0
LS,Uttar Pradesh,Ruchi Vira,147000000.0,MORADABAD,,0.0,0,147000000.0
LS,Odisha,Rudra Narayan Pany,155013957.11,DHENKANAL,,0.0,0,155013957.11
LS,Nagaland,S Supongmeren Jamir,147000000.0,NAGALAND,,0.0,0,147000000.0
LS,Tamil Nadu,S Venkatesan,147000000.0,MADURAI,,0.0,0,147000000.0
LS,Tamil Nadu,S. Jagathrakshakan,180589332.34,ARAKKONAM,,0.0,0,180589332.34
LS,Tamil Nadu,Sachithanantham R,147000000.0,DINDIGUL,,0.0,0,147000000.0
LS,Karnataka,Sagar Eshwar Khandre,147000000.0,BIDAR,,0.0,0,147000000.0
LS,Meghalaya,Saleng A Sangma,147000000.0,TURA,,0.0,0,147000000.0
LS,Odisha,Sambit Patra,147000000.0,PURI,,0.0,0,147000000.0
LS,Uttar Pradesh,Sanatan Pandey,180420041.4,BALLIA,,0.0,0,180420041.4
LS,Maharashtra,Sanjay Dina Patil,147000000.0,MUMBAI NORTH EAST,,0.0,0,147000000.0
LS,Maharashtra,Sanjay Haribhau Jadhav,147000000.0,PARBHANI,,0.0,0,147000000.0
LS,Bihar,Sanjay Jaiswal,147000000.0,PASCHIM CHAMPARAN,,0.0,0,147000000.0
LS,Telangana,Sanjay Kumar Bandi,172775317.11,KARIMNAGAR,,0.0,0,172775317.11
LS,Jharkhand,Sanjay Seth,147064357.11,RANCHI,,0.0,0,147064357.11
LS,Maharashtra,Sanjay Uttamrao Deshmukh,185640423.0,YAVATMAL-WASHIM,,0.0,0,185640423.0
LS,Rajasthan,Sanjna Jatav,147000000.0,BHARATPUR(SC),,0.0,0,147000000.0
LS,Chhattisgarh,Santosh Pandey,147000000.0,RAJNANDGAON,,0.0,0,147000000.0
LS,Odisha,Saptagiri Sankar Ulaka,269500000.0,KORAPUT(ST),,0.0,0,269500000.0
LS,Punjab,Sarabjeet Singh Khalsa,150850348.15,FARIDKOT(SC),,0.0,0,150850348.15
LS,Tamil Nadu,Sasikanth Senthil,171500000.0,TIRUVALLUR(SC),,0.0,0,171500000.0
LS,Haryana,Satpal Brahamchari,147000000.0,SONEPAT,,0.0,0,147000000.0
LS,West Bengal,Saumitra khan,147000000.0,BISHNUPUR(SC),,0.0,0,147000000.0
LS,Madhya Pradesh,Savitri Thakur,147000000.0,DHAR(ST),,0.0,0,147000000.0
LS,West Bengal,Sayani Ghosh,147000000.0,JADAVPUR,,0.0,0,147000000.0
LS,Haryana,Selja,147000000.0,SIRSA(SC),,0.0,0,147000000.0
LS,Tamil Nadu,Selvaganapathi T M,147000000.0,SALEM,,0.0,0,147000000.0
LS,Tamil Nadu,Selvaraj V,147000000.0,NAGAPATTINAM(SC),,0.0,0,147000000.0
LS,Kerala,Shafi Parambil,147000000.0,VADAKARA,,5000000.0,2,142000000.0
LS,Bihar,Shambhavi,147000000.0,SAMASTIPUR(SC),,0.0,0,147000000.0
LS,Madhya Pradesh,Shankar Lalwani,147000000.0,INDORE,,0.0,0,147000000.0
LS,Uttar Pradesh,Shashank Mani,147000000.0,DEORIA,,0.0,0,147000000.0
LS,West Bengal,Shatrughan Sinha,147000000.0,ASANSOL,,0.0,0,147000000.0
LS,Punjab,Sher Singh Ghubaya,147000000.0,FIROZPUR,,0.0,0,147000000.0
LS,Madhya Pradesh,Shivmangal Singh Tomar,147000000.0,MORENA,,0.0,0,147000000.0
LS,Madhya Pradesh,Shivraj Singh Chouhan,147000000.0,VIDISHA,,0.0,0,147000000.0
LS,Karnataka,Shobha Karandlaje,147000000.0,BANGALORE NORTH,,0.0,0,147000000.0
LS,Gujarat,Shobhanaben Mahendrasinh Baraiya,147000000.0,SABARKANTHA,,0.0,0,147000000.0
LS,Karnataka,Shreyas. M. Patel,147000000.0,HASSAN,,0.0,0,147000000.0
LS,Haryana,Shri Dharambir Singh,147000000.0,BHIWANI MAHENDRAGARH,,0.0,0,147000000.0
LS,West Bengal,Shri Abhishek Banerjee,147000000.0,DIAMOND HARBOUR,,0.0,0,147000000.0
LS,Punjab,Shri Amar Singh,147000000.0,FATEHGARH SAHIB(SC),,0.0,0,147000000.0
LS,Gujarat,Shri Amit Shah,147000000.0,GANDHINAGAR,,0.0,0,147000000.0
LS,Madhya Pradesh,Shri Anil Firojiya,147000000.0,UJJAIN(SC),,0.0,0,147000000.0
LS,Rajasthan,Shri Arjun Ram Meghwal,147000000.0,BIKANER(SC),,0.0,0,147000000.0
LS,Uttar Pradesh,Shri Arun Kumar Sagar,147000000.0,SHAHJAHANPUR(SC),,0.0,0,147000000.0
LS,Karnataka,Shri B Y Raghavendra,147000000.0,SHIMOGA,,0.0,0,147000000.0
LS,Kerala,Shri Benny Behanan,164674770.11,CHALAKUDY,,0.0,0,164674770.11
LS,Odisha,Shri Bhartruhari Mahtab,147000000.0,CUTTACK,,0.0,0,147000000.0
LS,Jharkhand,Shri Chandra Prakash Choudhary,147000000.0,GIRIDIH,,0.0,0,147000000.0
LS,West Bengal,Shri Deepak (Dev) Adhikari,200747364.0,GHATAL,,0.0,0,200747364.0
LS,Punjab,Shri Gurjeet Singh Aujla,147000000.0,AMRITSAR,,7067400.0,1,139932600.0
LS,Rajasthan,Shri Hanuman Beniwal,147000000.0,NAGAUR,,0.0,0,147000000.0
LS,Kerala,Shri Hibi Eden,162177260.11,ERNAKULAM,,0.0,0,162177260.11
LS,Bihar,Shri Janardan Singh Sigriwal,147000000.0,MAHARAJGANJ_BR,,0.0,0,147000000.0
LS,Odisha,Shri Jual Oram,173096756.91,SUNDARGARH (ST),,10000000.0,1,163096756.91
LS,Jammu And Kashmir,Shri Jugal Kishore Sharma,147000000.0,JAMMU,,0.0,0,147000000.0
LS,West Bengal,Shri Jyotirmay Singh Mahato,147000000.0,PURULIA,,0.0,0,147000000.0
LS,Tamil Nadu,Shri Karti P Chidambaram,159049284.11,SIVAGANGA,,0.0,0,159049284.11
LS,Kerala,Shri Kumbakudi Sudhakaran,147000000.0,KANNUR,,0.0,0,147000000.0
LS,Karnataka,Shri LS Tejasvi Surya,147000000.0,BANGALORE SOUTH,,0.0,0,147000000.0
LS,Kerala,Shri M K Raghavan,147000000.0,KOZHIKODE,,0.0,0,147000000.0
LS,Uttar Pradesh,Shri Narendra Modi,162070276.11,VARANASI,,0.0,0,162070276.11
LS,Kerala,Shri NK Premachandran,171477994.11,KOLLAM,,2000000.0,2,169477994.11
LS,Rajasthan,Shri PP Chaudhary,147000000.0,PALI,,0.0,0,147000000.0
LS,Kerala,Shri Rajmohan Unnithan,156754633.11,KASARAGOD,,0.0,0,156754633.11
LS,Assam,Shri Sarbananda Sonowal,147000000.0,DIBRUGARH,,0.0,0,147000000.0
LS,Uttar Pradesh,Shri Satish Kumar Gautam,147000000.0,ALIGARH,,0.0,0,147000000.0
LS,West Bengal,Shri Shantanu Thakur,147000000.0,BANGAON(SC),,0.0,0,147000000.0
LS,Madhya Pradesh,Shri Sudheer Gupta,148988014.83,MANDSOUR,,0.0,0,148988014.83
LS,Kerala,Shri Suresh Kodikunnil,172429519.11,MAVELIKKARA(SC),,0.0,0,172429519.11
LS,Arunachal Pradesh,Shri Tapir Gao,147000000.0,ARUNACHAL EAST,,0.0,0,147000000.0
LS,Tamil Nadu,Shri vijayakumar Vasanth,171500000.0,KANNIYAKUMARI,,0.0,0,171500000.0
LS,Maharashtra,Shrikant Eknath Shinde,147000000.0,KALYAN,,0.0,0,147000000.0
LS,Maharashtra,Shrimant Chh Udayanraje Pratapsinhamaharaj Bhonsle,147000000.0,SATARA,,0.0,0,147000000.0
LS,Goa,Shripad Yesso Naik,147000000.0,NORTH GOA,,0.0,0,147000000.0
LS,Maharashtra,Shrirang Appa Barne,147000000.0,MAVAL,,0.0,0,147000000.0
LS,Maharashtra,Shyamkumar,147000000.0,RAMTEK(SC),,0.0,0,147000000.0
LS,Andhra Pradesh,Sivanath Kesineni,159864032.49,VIJAYAWADA,,0.0,0,159864032.49
LS,West Bengal,Sk Nurul Islam,49000000.0,BASIRHAT,,0.0,0,49000000.0
LS,Maharashtra,Smita Uday Wagh,148107373.11,JALGAON,,0.0,0,148107373.11
LS,Uttar Pradesh,Smt Anupriya Patel,147000000.0,MIRZAPUR,,0.0,0,147000000.0
LS,Odisha,Smt Aparajita Sarangi,147420861.41,BHUBANESWAR,,0.0,0,147420861.41
LS,Uttar Pradesh,Smt Dimple Yadav,192042469.11,MAINPURI,,0.0,0,192042469.11
LS,Punjab,Smt Harsimrat Kaur Badal,159775982.39,BHATINDA,,0.0,0,159775982.39
LS,Uttar Pradesh,Smt Hema Malini,147000000.0,MATHURA,,0.0,0,147000000.0
LS,Madhya Pradesh,Smt Himadri Singh,150724861.11,SHAHDOL (ST),,0.0,0,150724861.11
LS,Gujarat,Smt Poonamben Hematbhai Maadam,147000000.0,JAMNAGAR,,0.0,0,147000000.0
LS,Maharashtra,Smt Raksha Nikhil Khadse,153112586.11,RAVER,,0.0,0,153112586.11
LS,Tamil Nadu,Smt S Jothimani,147000000.0,KARUR,,0.0,0,147000000.0
LS,West Bengal,Smt Sajda Ahmed,147000000.0,ULUBERIA,,0.0,0,147000000.0
LS,Madhya Pradesh,Smt Sandhya Ray,147000000.0,BHIND(SC),,0.0,0,147000000.0
LS,Odisha,Smt Sangeeta Kumari Singh Deo,147000000.0,BOLANGIR,,0.0,0,147000000.0
LS,West Bengal,Smt Satabdi Roy,147000000.0,BIRBHUM,,0.0,0,147000000.0
LS,Maharashtra,Smt Supriya Sadanand Sule,147000000.0,BARAMATI,,0.0,0,147000000.0
LS,Bihar,Smt Veena Devi,147000000.0,VAISHALI,,0.0,0,147000000.0
LS,Andhra Pradesh,Sribharat MathuKumli,164841922.0,VISAKHAPATNAM,,0.0,0,164841922.0
LS,Bihar,Sudama Prasad,147000000.0,ARRAH,,0.0,0,147000000.0
LS,Tamil Nadu,Sudha R,147332315.11,MAYILADUTHURAI,,0.0,0,147332315.11
LS,Bihar,Sudhakar Singh,185211956.54,BUXAR,,0.0,0,185211956.54
LS,West Bengal,Sudip Bandyopadhyay,147000000.0,KOLKATA UTTAR,,0.0,0,147000000.0
LS,Odisha,Sukanta Kumar Panigrahi,190712424.11,KANDHAMAL,,0.0,0,190712424.11
LS,Jharkhand,Sukhdeo Bhagat,171821957.11,LOHARDAGA(ST),,0.0,0,171821957.11
LS,Punjab,Sukhjinder Singh Randhawa,147000000.0,GURDASPUR,,0.0,0,147000000.0
LS,Karnataka,Sunil Bose,147000000.0,CHAMARAJANAGAR(SC),,0.0,0,147000000.0
LS,Maharashtra,Sunil Dattatray Tatkare,147000000.0,RAIGAD,,0.0,0,147000000.0
LS,Bihar,Sunil Kumar,147000000.0,VALMIKI NAGAR,,0.0,0,147000000.0
LS,Bihar,Surendra Prasad Yadav,155325714.0,JAHANABAD,,0.0,0,155325714.0
LS,Kerala,Suresh Gopi,147000000.0,THRISSUR,,0.0,0,147000000.0
LS,Himachal Pradesh,Suresh Kumar Kashyap,153563957.11,SHIMLA (SC),,0.0,0,153563957.11
LS,Telangana,Suresh Kumar Shetkar,147000000.0,ZAHIRABAD,,0.0,0,147000000.0
LS,Uttar Pradesh,Swami Sachchidanandhari Sakshi ji Maharaj,147000000.0,UNNAO,,0.0,0,147000000.0
LS,Tamil Nadu,T Sumathy (A) Thamizhachi Thangapandian,147000000.0,CHENNAI SOUTH,,0.0,0,147000000.0
LS,Andhra Pradesh,Tangella Uday Srinivas,199417886.76,KAKINADA,,0.0,0,199417886.76
LS,Uttar Pradesh,Tanuj Punia,148198170.11,BARABANKI(SC),,0.0,0,148198170.11
LS,Bihar,Tariq Anwar,147000000.0,KATIHAR,,0.0,0,147000000.0
LS,Tamil Nadu,Thalikkottai Rajuthevar Baalu,196905535.11,SRIPERUMBUDUR,,0.0,0,196905535.11
LS,Tamil Nadu,Thanga Tamilselvan,167755939.81,THENI,,0.0,0,167755939.81
LS,Tamil Nadu,Tharaniventhan M S,168337124.35,ARANI,,0.0,0,168337124.35
LS,Tamil Nadu,Thiru Dayanidhi Maran,147000000.0,CHENNAI CENTRAL,,0.0,0,147000000.0
LS,Tamil Nadu,Thirumaa Valavan Thol,147000000.0,CHIDAMBARAM(SC),,0.0,0,147000000.0
LS,Chhattisgarh,Tokhan Sahu,147000000.0,BILASPUR,,0.0,0,147000000.0
LS,Uttarakhand,Trivendra Singh Rawat,147000000.0,HARDWAR,,0.0,0,147000000.0
LS,Uttar Pradesh,Ujjwal Raman Singh,147000000.0,ALLAHABAD,,0.0,0,147000000.0
LS,Rajasthan,Ummeda Ram Beniwal,147000000.0,BARMER,,0.0,0,147000000.0
LS,Uttar Pradesh,Utkarsh Verma Madhur,147000000.0,KHERI,,0.0,0,147000000.0
LS,Tamil Nadu,V S Matheswaran,162539930.11,NAMAKKAL,,0.0,0,162539930.11
LS,Karnataka,V. Somanna,147000000.0,TUMKUR,,0.0,0,147000000.0
LS,Puducherry,Vaithilingam Ve,209368972.11,Puducherry,,0.0,0,209368972.11
LS,Telangana,Vamsi Krishna Gaddam,148451721.11,PEDDAPALLE,,0.0,0,148451721.11
LS,Haryana,Varun Chaudhry,255454264.0,AMBALA (SC),,0.0,0,255454264.0
LS,Kerala,Vellalath Kochukrishnan Nair Sreekandan,167807990.11,PALAKKAD,,0.0,0,167807990.11
LS,Chhattisgarh,Vijay Baghel,147000000.0,DURG,,0.0,0,147000000.0
LS,Uttar Pradesh,Vijay Kumar Dubey,148900000.0,KUSHI NAGAR,,0.0,0,148900000.0
LS,Jharkhand,Vijay Kumar Hansdak,147223957.11,RAJMAHAL(ST),,0.0,0,147223957.11
LS,Bihar,Vijaylakshmi Devi,147000000.0,SIWAN,,0.0,0,147000000.0
LS,Gujarat,Vinod Chavda,147000000.0,KACHCHH(SC),,0.0,0,147000000.0
LS,Uttar Pradesh,Vinod Kumar Bind,147000000.0,BHADOHI,,0.0,0,147000000.0
LS,Madhya Pradesh,Virendra Kumar,147000000.0,TIKAMGARH(SC),,0.0,0,147000000.0
LS,Uttar Pradesh,Virendra Singh,147000000.0,CHANDAULI,,0.0,0,147000000.0
LS,Maharashtra,Vishal,147000000.0,SANGLI,,0.0,0,147000000.0
LS,Jharkhand,Vishnu Dayal Ram,158176083.11,PALAMU(SC),,0.0,0,158176083.11
LS,Madhya Pradesh,Vishnu Dutt Sharma,147000000.0,KHAJURAHO,,0.0,0,147000000.0
LS,Karnataka,Vishweshwar Hegde Kageri,147000000.0,UTTARA KANNADA,,0.0,0,147000000.0
LS,Bihar,Vivek Thakur,147000000.0,NAWADA,,0.0,0,147000000.0
LS,Andhra Pradesh,Y S Avinash Reddy,156430260.11,KADAPA,,0.0,0,156430260.11
LS,Karnataka,Yaduveer Krishnadatta Chamaraja Wadiyar,147000000.0,MYSORE,,0.0,0,147000000.0
LS,Delhi,Yogendra Chandoliya,147876307.0,NORTH WEST DELHI(SC),,0.0,0,147876307.0
LS,Uttar Pradesh,Zia Ur Rehman,147000000.0,SAMBHAL,,0.0,0,147000000.0
RS,Telangana,Dr. Abhishek Manu Singhvi,73421449.0,,Elected MP,0.0,0,73421449.0
RS,Maharashtra,Dr. Ajeet Madhavrao Gopchade,147000000.0,,Elected MP,0.0,0,147000000.0
RS,Rajasthan,Dr. Alka Singh,49000000.0,,Elected MP,0.0,0,49000000.0
RS,Tamil Nadu,Dr. Anbumani Ramadoss,49356476.5,,Elected MP,0.0,0,49356476.5
RS,Maharashtra,Dr. Anil Sukhdeorao Bonde,196063957.11,,Elected MP,0.0,0,196063957.11
RS,Punjab,Dr. Ashok Kumar Mittal,222487632.14,,Elected MP,10000000.0,1,212487632.14
RS,Bihar,Dr. Bhim Singh,186200000.0,,Elected MP,0.0,0,186200000.0
RS,Karnataka,Dr. Dharmasthala Veerendra Heggade,196063957.11,,Nominated MP,0.0,0,196063957.11
RS,Bihar,Dr. Dharmshila Gupta,186200000.0,,Elected MP,0.0,0,186200000.0
RS,Uttar Pradesh,Dr. Dinesh Sharma,147000000.0,,Elected MP,0.0,0,147000000.0
RS,Bihar,Dr. Faiyaz Ahmad,235263957.11,,Elected MP,0.0,0,235263957.11
RS,Kerala,Dr. John Brittas,245063957.11,,Elected MP,10000000.0,2,235063957.11
RS,Maharashtra,Dr. Jyoti Nagnath Waghmare,49000000.0,,Elected MP,0.0,0,49000000.0
RS,Uttar Pradesh,Dr. K. Laxman,197637007.11,,Elected MP,0.0,0,197637007.11
RS,Uttarakhand,Dr. Kalpana Saini,200830405.8,,Elected MP,0.0,0,200830405.8
RS,Madhya Pradesh,Dr. Kavita Patidar,197118521.35,,Elected MP,0.0,0,197118521.35
RS,Madhya Pradesh,Dr. L. Murugan,147000000.0,,Elected MP,0.0,0,147000000.0
RS,Uttar Pradesh,Dr. Laxmikant Bajpayee,196000000.0,,Elected MP,0.0,0,196000000.0
RS,Tamil Nadu,Dr. M. Dhanapal,89248285.42,,Elected MP,0.0,0,89248285.42
RS,Tamil Nadu,Dr. M. Thambi Durai,49356476.5,,Elected MP,0.0,0,49356476.5
RS,Maharashtra,Dr. Medha Vishram Kulkarni,147000000.0,,Elected MP,0.0,0,147000000.0
RS,Delhi,Dr. Meenakshi Jain,73500000.0,,Nominated MP,0.0,0,73500000.0
RS,Gujarat,Dr. Mukeshbhai J. Rathwa,49000000.0,,Elected MP,0.0,0,49000000.0
RS,Gujarat,Dr. Parmar Jashvantsinh Salamsinh,147000000.0,,Elected MP,2500000.0,1,144500000.0
RS,Uttar Pradesh,Dr. Radha Mohan Das Agrawal,203626524.67,,Elected MP,0.0,0,203626524.67
RS,Punjab,Dr. Sandeep Kumar Pathak,232203454.24,,Elected MP,10000000.0,1,222203454.24
RS,Uttar Pradesh,Dr. Sangeeta Balwant,147000000.0,,Elected MP,0.0,0,147000000.0
RS,Odisha,Dr. Santrupt Misra,49000000.0,,Elected MP,0.0,0,49000000.0
RS,Jharkhand,Dr. Sarfraz Ahmad,178564551.09,,Elected MP,0.0,0,178564551.09
RS,Odisha,Dr. Sasmit Patra,196063957.11,,Elected MP,0.0,0,196063957.11
RS,Rajasthan,Dr. Satish Poonia,49000000.0,,Elected MP,0.0,0,49000000.0
RS,Himachal Pradesh,Dr. Sikander Kumar,207863957.11,,Elected MP,0.0,0,207863957.11
RS,Uttar Pradesh,Dr. Sudhanshu Trivedi,147000000.0,,Elected MP,0.0,0,147000000.0
RS,Karnataka,Dr. Syed Naseer Hussain,147000000.0,,Elected MP,0.0,0,147000000.0
RS,Kerala,Dr. V. Sivadasan,276720323.27,,Elected MP,2500000.0,1,274220323.27
RS,Punjab,Dr. Vikramjit Singh Sahney,198656208.57,,Elected MP,10000000.0,1,188656208.57
RS,West Bengal,Ms. Dola Sen,171500000.0,,Elected MP,0.0,0,171500000.0
RS,Delhi,Ms. Swati Maliwal,147000000.0,,Elected MP,0.0,0,147000000.0
RS,Bihar,Prof. Manoj Kumar Jha,191620112.11,,Elected MP,0.0,0,191620112.11
RS,Uttar Pradesh,Prof. Ram Gopal Yadav,221271395.11,,Elected MP,0.0,0,221271395.11
RS,Kerala,Shri A. A. Rahim,220563957.11,,Elected MP,2500000.0,1,218063957.11
RS,Kerala,Shri Abdul Wahab,310898953.29,,Elected MP,1000000.0,1,309898953.29
RS,Jharkhand,Shri Aditya Prasad,227628508.2,,Elected MP,0.0,0,227628508.2
RS,Karnataka,Shri Ajay Makan,147000000.0,,Elected MP,0.0,0,147000000.0
RS,Bihar,Shri Akhilesh Prasad Singh,186200000.0,,Elected MP,0.0,0,186200000.0
RS,Uttar Pradesh,Shri Amar Pal Maurya,147000000.0,,Elected MP,0.0,0,147000000.0
RS,Telangana,Shri Anil Kumar Yadav Mandadi,147000000.0,,Elected MP,0.0,0,147000000.0
RS,Himachal Pradesh,Shri Anurag Sharma,49000000.0,,Elected MP,0.0,0,49000000.0
RS,Uttar Pradesh,Shri Arun Singh,223492764.11,,Elected MP,0.0,0,223492764.11
RS,Madhya Pradesh,Shri Ashok Singh,147000000.0,,Elected MP,0.0,0,147000000.0
RS,Maharashtra,Shri Ashokrao Shankarrao Chavan,147000000.0,,Elected MP,0.0,0,147000000.0
RS,Odisha,Shri Ashwini Vaishnaw,265563957.11,,Elected MP,0.0,0,265563957.11
RS,Telangana,Shri B. Parthasaradhi Reddy,244365104.0,,Elected MP,0.0,0,244365104.0
RS,Uttar Pradesh,Shri B.L. Verma,196063957.11,,Elected MP,0.0,0,196063957.11
RS,Gujarat,Shri Babubhai Jesangbhai Desai,171500000.0,,Elected MP,0.0,0,171500000.0
RS,Uttar Pradesh,Shri Baburam Nishad,196063957.11,,Elected MP,0.0,0,196063957.11
RS,Jharkhand,Shri Baidyanath Ram,49000000.0,,Elected MP,0.0,0,49000000.0
RS,Madhya Pradesh,Shri Balyogi Umeshnath,147000000.0,,Elected MP,0.0,0,147000000.0
RS,Madhya Pradesh,Shri Banshilal Gurjar,147000000.0,,Elected MP,0.0,0,147000000.0
RS,Andhra Pradesh,Shri Bhashyam Rama Krishna,49000000.0,,Elected MP,0.0,0,49000000.0
RS,Assam,Shri Birendra Prasad Baishya,98000000.0,,Elected MP,0.0,0,98000000.0
RS,Uttar Pradesh,Shri Brij Lal,196063957.11,,Elected MP,0.0,0,196063957.11
RS,Kerala,Shri C. Sadanandan Master,73500000.0,,Nominated MP,0.0,0,73500000.0
RS,Maharashtra,Shri Chandrakant Damodar Handore,147000000.0,,Elected MP,0.0,0,147000000.0
RS,Jammu And Kashmir,Shri Chowdry Mohammad Ramzan,73500000.0,,Elected MP,0.0,0,73500000.0
RS,Tamil Nadu,Shri Christopher Manickam,49356476.5,,Elected MP,0.0,0,49356476.5
RS,Rajasthan,Shri Chunnilal Garasiya,147000000.0,,Elected MP,0.0,0,147000000.0
RS,Tamil Nadu,Shri Constandine Ravindran,49356476.5,,Elected MP,0.0,0,49356476.5
RS,Telangana,Shri Damodar Rao Divakonda,239919406.11,,Elected MP,0.0,0,239919406.11
RS,Odisha,Shri Debashish Samantaray,23800006.0,,Elected MP,0.0,0,23800006.0
RS,West Bengal,Shri Derek O' Brien,171500000.0,,Elected MP,0.0,0,171500000.0
RS,Chhattisgarh,Shri Devendra Pratap Singh,170837637.76,,Elected MP,0.0,0,170837637.76
RS,Maharashtra,Shri Dhananjay Bhimrao Mahadik,220383643.11,,Elected MP,0.0,0,220383643.11
RS,Odisha,Shri Dilip Kumar Ray,49000000.0,,Elected MP,0.0,0,49000000.0
RS,Sikkim,Shri Dorjee Tshering Lepcha,150170726.11,,Elected MP,0.0,0,150170726.11
RS,Karnataka,Shri G.C. Chandrashekhar,147000000.0,,Elected MP,0.0,0,147000000.0
RS,Rajasthan,Shri Ghanshyam Tiwari,196063957.11,,Elected MP,0.0,0,196063957.11
RS,Andhra Pradesh,Shri Golla Baburao,147000000.0,,Elected MP,0.0,0,147000000.0
RS,Gujarat,Shri Govindbhai Laljibhai Dholakia,147000000.0,,Elected MP,0.0,0,147000000.0
RS,Jammu And Kashmir,Shri Gulam Ali,196063957.11,,Nominated MP,0.0,0,196063957.11
RS,Jammu And Kashmir,Shri Gurwinder Singh Oberoi,73500000.0,,Elected MP,0.0,0,73500000.0
RS,Punjab,Shri Harbhajan Singh,220984094.27,,Elected MP,10000000.0,1,210984094.27
RS,Uttar Pradesh,Shri Hardeep Singh Puri,226801049.11,,Elected MP,10000000.0,1,216801049.11
RS,Kerala,Shri Haris Beeran,122500000.0,,Elected MP,0.0,0,122500000.0
RS,Himachal Pradesh,Shri Harsh Mahajan,147000000.0,,Elected MP,0.0,0,147000000.0
RS,West Bengal,Shri Harsh Vardhan Shringla,73500000.0,,Nominated MP,0.0,0,73500000.0
RS,Tamil Nadu,Shri I.S. Inbadurai,89248285.42,,Elected MP,0.0,0,89248285.42
RS,Tamil Nadu,Shri Ilaiyaraaja,220563957.11,,Nominated MP,0.0,0,220563957.11
RS,Maharashtra,Shri Imran Pratapgarhi,196000000.0,,Elected MP,0.0,0,196000000.0
RS,Gujarat,Shri Jagat Prakash Nadda,147000000.0,,Elected MP,0.0,0,147000000.0
RS,Karnataka,Shri Jaggesh,196063957.11,,Elected MP,0.0,0,196063957.11
RS,Karnataka,Shri Jairam Ramesh,220563957.11,,Elected MP,0.0,0,220563957.11
RS,Meghalaya,Shri James Pangsang Kongkal Sangma,49000000.0,,Elected MP,0.0,0,49000000.0
RS,Uttar Pradesh,Shri Javed Ali Khan,196063957.11,,Elected MP,0.0,0,196063957.11
RS,Uttar Pradesh,Shri Jayant Chaudhary,214074707.67,,Elected MP,0.0,0,214074707.67
RS,Assam,Shri Jogen Mohan,49000000.0,,Elected MP,0.0,0,49000000.0
RS,Kerala,Shri Jose K. Mani,122500000.0,,Elected MP,2500000.0,1,120000000.0
RS,Tamil Nadu,Shri K.R.N. Rajeshkumar,238513975.53,,Elected MP,0.0,0,238513975.53
RS,Tamil Nadu,Shri Kamal Haasan,89248285.42,,Elected MP,0.0,0,89248285.42
RS,Assam,Shri Kanad Purkayastha,98000000.0,,Elected MP,0.0,0,98000000.0
RS,Uttar Pradesh,Shri Kapil Sibal,196063957.11,,Elected MP,0.0,0,196063957.11
RS,Haryana,Shri Karamvir Singh Singh Boudh,49000000.0,,Elected MP,0.0,0,49000000.0
RS,Haryana,Shri Kartikeya Sharma,196000000.0,,Elected MP,0.0,0,196000000.0
RS,Gujarat,Shri Kesridevsinh Jhala,171500000.0,,Elected MP,0.0,0,171500000.0
RS,Mizoram,Shri Khiangte Laltluangkima,24500000.0,,Elected MP,0.0,0,24500000.0
RS,Bihar,Shri Khiru Mahto,235770091.81,,Elected MP,0.0,0,235770091.81
RS,Tamil Nadu,Shri L. K. Sudhish,49356476.5,,Elected MP,0.0,0,49356476.5
RS,Karnataka,Shri Lahar Singh Siroya,206278088.11,,Elected MP,0.0,0,206278088.11
RS,Andhra Pradesh,Shri Lingamaneni Ramesh,49000000.0,,Elected MP,0.0,0,49000000.0
RS,Karnataka,Shri M. Nagaraja,49000000.0,,Elected MP,0.0,0,49000000.0
RS,Rajasthan,Shri Madan Rathore,147000000.0,,Elected MP,0.0,0,147000000.0
RS,Uttarakhand,Shri Mahendra Bhatt,147000000.0,,Elected MP,0.0,0,147000000.0
RS,Madhya Pradesh,Shri Mahesh Kewat,49000000.0,,Elected MP,0.0,0,49000000.0
RS,Karnataka,Shri Mallikarjun Kharge,49063957.11,,Elected MP,0.0,0,49063957.11
RS,Bihar,Shri Manan Kumar Mishra,235263957.11,,Elected MP,0.0,0,235263957.11
RS,Odisha,Shri Manas Ranjan Mangaraj,196063957.11,,Elected MP,0.0,0,196063957.11
RS,Odisha,Shri Manmohan Samal,49000000.0,,Elected MP,0.0,0,49000000.0
RS,Karnataka,Shri Mansoor Ali Khan,49000000.0,,Elected MP,0.0,0,49000000.0
RS,Andhra Pradesh,Shri Masthan Rao Yadav Beedha,171296045.11,,Elected MP,0.0,0,171296045.11
RS,Gujarat,Shri Mayankkumar Nayak,147000000.0,,Elected MP,0.0,0,147000000.0
RS,Andhra Pradesh,Shri Meda Raghunadha Reddy,147000000.0,,Elected MP,0.0,0,147000000.0
RS,Maharashtra,Shri Milind Murli Deora,147000000.0,,Elected MP,0.0,0,147000000.0
RS,Uttar Pradesh,Shri Mithlesh Kumar,196063957.11,,Elected MP,0.0,0,196063957.11
RS,West Bengal,Shri Mohammed Nadimul Haque,147000000.0,,Elected MP,0.0,0,147000000.0
RS,Rajasthan,Shri Mukul Wasnik,196063957.11,,Elected MP,0.0,0,196063957.11
RS,West Bengal,Shri Nagendra Ray,171500000.0,,Elected MP,0.0,0,171500000.0
RS,Delhi,Shri Narain Dass Gupta,160837070.0,,Elected MP,10000000.0,2,150837070.0
RS,Karnataka,Shri Narayanasa K. Bhandage,147450000.0,,Elected MP,0.0,0,147450000.0
RS,Uttarakhand,Shri Naresh Bansal,222043184.71,,Elected MP,0.0,0,222043184.71
RS,Uttar Pradesh,Shri Naveen Jain,147000000.0,,Elected MP,0.0,0,147000000.0
RS,Rajasthan,Shri Neeraj Dangi,49000000.0,,Elected MP,0.0,0,49000000.0
RS,Uttar Pradesh,Shri Neeraj Shekhar,236483662.11,,Elected MP,0.0,0,236483662.11
RS,Maharashtra,Shri Nitin Laxmanrao Jadhav Patil,122500000.0,,Elected MP,0.0,0,122500000.0
RS,Bihar,Shri Nitin Nabin,49000000.0,,Elected MP,0.0,0,49000000.0
RS,Tamil Nadu,Shri P. Chidambaram,236312242.52,,Elected MP,0.0,0,236312242.52
RS,Kerala,Shri P. P. Suneer,122500000.0,,Elected MP,10000000.0,2,112500000.0
RS,Tamil Nadu,Shri P. Wilson,89248285.42,,Elected MP,0.0,0,89248285.42
RS,Assam,Shri Pabitra Margherita,220563957.11,,Elected MP,0.0,0,220563957.11
RS,Andhra Pradesh,Shri Paka Venkata Satyanarayana,98000000.0,,Elected MP,0.0,0,98000000.0
RS,Maharashtra,Shri Parth Ajit Pawar,49000000.0,,Elected MP,0.0,0,49000000.0
RS,Karnataka,Shri Pawan Khera,49000000.0,,Elected MP,0.0,0,49000000.0
RS,Jharkhand,Shri Pradip Kumar Varma,178564551.09,,Elected MP,0.0,0,178564551.09
RS,Maharashtra,Shri Praful Patel,147000000.0,,Elected MP,0.0,0,147000000.0
RS,West Bengal,Shri Prakash Chik Baraik,49662892.0,,Elected MP,0.0,0,49662892.0
RS,Assam,Shri Pramod Boro,49000000.0,,Elected MP,0.0,0,49000000.0
RS,Rajasthan,Shri Pramod Tiwari,196063957.11,,Elected MP,0.0,0,196063957.11
RS,Tamil Nadu,Shri Praveen Chakravarthy,49356476.5,,Elected MP,0.0,0,49356476.5
RS,Tamil Nadu,Shri R. Dharmar,260812242.52,,Elected MP,0.0,0,260812242.52
RS,Tamil Nadu,Shri R. Girirajan,236312242.52,,Elected MP,0.0,0,236312242.52
RS,Punjab,Shri Raghav Chadha,237229207.25,,Elected MP,0.0,0,237229207.25
RS,West Bengal,Shri Rajeev Kumar,49000000.0,,Elected MP,0.0,0,49000000.0
RS,Chhattisgarh,Shri Rajeev Shukla,271174394.23,,Elected MP,0.0,0,271174394.23
RS,Gujarat,Shri Rajesh Parmanand Shukla,49000000.0,,Elected MP,0.0,0,49000000.0
RS,Tripura,Shri Rajib Bhattacharjee,122500000.0,,Elected MP,0.0,0,122500000.0
RS,Punjab,Shri Rajinder Gupta,49000000.0,,Elected MP,0.0,0,49000000.0
RS,Madhya Pradesh,Shri Rajneesh Kumar Agrawal,49000000.0,,Elected MP,0.0,0,49000000.0
RS,Bihar,Shri Ram Nath Thakur,65673638.73,,Elected MP,0.0,0,65673638.73
RS,Maharashtra,Shri Ramdas Bandu Athawale,49000000.0,,Elected MP,0.0,0,49000000.0
RS,Uttar Pradesh,Shri Ramji,174518577.11,,Elected MP,0.0,0,174518577.11
RS,Uttar Pradesh,Shri Ramji Lal Suman,147000000.0,,Elected MP,0.0,0,147000000.0
RS,Maharashtra,Shri Ramrao Sakharam Wadkute,49000000.0,,Elected MP,0.0,0,49000000.0
RS,Rajasthan,Shri Randeep Singh Surjewala,196063957.11,,Elected MP,0.0,0,196063957.11
RS,Uttar Pradesh,Shri Ratanjit Pratap Narain Singh,147000000.0,,Elected MP,0.0,0,147000000.0
RS,Telangana,Shri Ravi Chandra Vaddiraju,152732534.11,,Elected MP,0.0,0,152732534.11
RS,Assam,Shri Rwngwra Narzary,220563957.11,,Elected MP,0.0,0,220563957.11
RS,Andhra Pradesh,Shri Ryaga Krishnaiah,170413583.79,,Elected MP,0.0,0,170413583.79
RS,Andhra Pradesh,Shri S Niranjan Reddy,224621383.11,,Elected MP,0.0,0,224621383.11
RS,Gujarat,Shri S. Jaishankar,171500000.0,,Elected MP,0.0,0,171500000.0
RS,Tamil Nadu,Shri S. Kalyanasundaram,239763792.52,,Elected MP,0.0,0,239763792.52
RS,Puducherry,Shri S. Selvaganabathy,292881856.49,,Elected MP,0.0,0,292881856.49
RS,Tamil Nadu,Shri S.R. Sivalingam,89248285.42,,Elected MP,0.0,0,89248285.42
RS,Goa,Shri Sadanand Mhalu Shet Tanavade,171500000.0,,Elected MP,0.0,0,171500000.0
RS,Jammu And Kashmir,Shri Sajjad Ahmad Kichloo,73500000.0,,Elected MP,0.0,0,73500000.0
RS,West Bengal,Shri Samik Bhattacharya,147000000.0,,Elected MP,0.0,0,147000000.0
RS,West Bengal,Shri Samirul Islam,171500000.0,,Elected MP,0.0,0,171500000.0
RS,Andhra Pradesh,Shri Sana Sathish Babu,49063978.0,,Elected MP,0.0,0,49063978.0
RS,Kerala,Shri Sandosh Kumar P,220563957.11,,Elected MP,2500000.0,1,218063957.11
RS,Haryana,Shri Sanjay Bhatia,49000000.0,,Elected MP,0.0,0,49000000.0
RS,Bihar,Shri Sanjay Kumar Jha,186200000.0,,Elected MP,0.0,0,186200000.0
RS,Maharashtra,Shri Sanjay Raut,196063957.11,,Elected MP,0.0,0,196063957.11
RS,Uttar Pradesh,Shri Sanjay Seth,147000000.0,,Elected MP,0.0,0,147000000.0
RS,Delhi,Shri Sanjay Singh,184466426.11,,Elected MP,10000000.0,1,174466426.11
RS,Bihar,Shri Sanjay Yadav,186200000.0,,Elected MP,0.0,0,186200000.0
RS,Punjab,Shri Sant Balbir Singh,196359074.44000003,,Elected MP,0.0,0,196359074.44000003
RS,Jammu And Kashmir,Shri Sat Paul Sharma,73500000.0,,Elected MP,0.0,0,73500000.0
RS,Bihar,Shri Satish Chandra Dubey,235263957.11,,Elected MP,0.0,0,235263957.11
RS,Chandigarh,Shri Satnam Singh Sandhu,147000000.0,,Nominated MP,0.0,0,147000000.0
RS,Bihar,Shri Shambhu Sharan Patel,237168443.49,,Elected MP,0.0,0,237168443.49
RS,Bihar,Shri Shivesh Kumar,49000000.0,,Elected MP,0.0,0,49000000.0
RS,Haryana,Shri Subhash Barala,147000000.0,,Elected MP,0.0,0,147000000.0
RS,Odisha,Shri Subhasish Khuntia,147000000.0,,Elected MP,0.0,0,147000000.0
RS,Odisha,Shri Sujeet Kumar,49000000.0,,Elected MP,0.0,0,49000000.0
RS,Uttar Pradesh,Shri Surendra Singh Nagar,220563957.11,,Elected MP,0.0,0,220563957.11
RS,Arunachal Pradesh,Shri Tai Tagak,49000000.0,,Elected MP,0.0,0,49000000.0
RS,Madhya Pradesh,Shri Tarun Chugh,49000000.0,,Elected MP,0.0,0,49000000.0
RS,Uttar Pradesh,Shri Tejveer Singh,147000000.0,,Elected MP,0.0,0,147000000.0
RS,Assam,Shri Terash Gowalla,49000000.0,,Elected MP,0.0,0,49000000.0
RS,Tamil Nadu,Shri Tiruchi Siva,49356476.5,,Elected MP,0.0,0,49356476.5
RS,Maharashtra,Shri Ujjwal Deorao Nikam,73500000.0,,Nominated MP,0.0,0,73500000.0
RS,Bihar,Shri Upendra Kushwaha,49000000.0,,Elected MP,0.0,0,49000000.0
RS,Andhra Pradesh,Shri V. Vijayendra Prasad,196063957.11,,Nominated MP,0.0,0,196063957.11
RS,Andhra Pradesh,Shri Vijay Chintakayala,49000000.0,,Elected MP,0.0,0,49000000.0
RS,Maharashtra,Shri Vinod Shridhar Tawde,49000000.0,,Elected MP,0.0,0,49000000.0
RS,Madhya Pradesh,Shri Vivek K. Tankha,220563957.11,,Elected MP,0.0,0,220563957.11
RS,Andhra Pradesh,Shri Yerram Venkata Subba Reddy,147000000.0,,Elected MP,0.0,0,147000000.0
RS,Manipur,Smt. Adhikarimayum Sharda Devi,49000000.0,,Elected MP,0.0,0,49000000.0
RS,Uttar Pradesh,Smt. Darshana Singh,196994373.87,,Elected MP,0.0,0,196994373.87
RS,Uttar Pradesh,Smt. Geeta alias Chandraprabha,196063957.11,,Elected MP,0.0,0,196063957.11
RS,Uttar Pradesh,Smt. Jaya Amitabh Bachchan,147000000.0,,Elected MP,0.0,0,147000000.0
RS,Kerala,Smt. Jebi Mather Hisham,220563957.11,,Elected MP,0.0,0,220563957.11
RS,Chhattisgarh,Smt. Laxmi Verma,49000000.0,,Elected MP,0.0,0,49000000.0
RS,Jharkhand,Smt. Mahua Maji,232524001.2,,Elected MP,0.0,0,232524001.2
RS,West Bengal,Smt. Mamata Thakur,147000000.0,,Elected MP,0.0,0,147000000.0
RS,Maharashtra,Smt. Maya Chintaman Ivnate,49000000.0,,Elected MP,0.0,0,49000000.0
RS,Madhya Pradesh,Smt. Maya Naroliya,147000000.0,,Elected MP,0.0,0,147000000.0
RS,Karnataka,Smt. Nirmala Sitharaman,215972051.45,,Elected MP,0.0,0,215972051.45
RS,Kerala,Smt. P. T. Usha,196063957.11,,Nominated MP,1000000.0,2,195063957.11
RS,Chhattisgarh,Smt. Phulo Devi Netam,49000000.0,,Elected MP,0.0,0,49000000.0
RS,Tamil Nadu,Smt. Rajathi,89248285.42,,Elected MP,0.0,0,89248285.42
RS,Chhattisgarh,Smt. Ranjeet Ranjan,246780257.87,,Elected MP,0.0,0,246780257.87
RS,Haryana,Smt. Rekha Sharma,98000000.0,,Elected MP,0.0,0,98000000.0
RS,Telangana,Smt. Renuka Chowdhury,147000000.0,,Elected MP,0.0,0,147000000.0
RS,Nagaland,Smt. S. Phangnon Konyak,206563957.11,,Elected MP,0.0,0,206563957.11
RS,Uttar Pradesh,Smt. Sadhna Singh,147000000.0,,Elected MP,0.0,0,147000000.0
RS,West Bengal,Smt. Sagarika Ghose,147000000.0,,Elected MP,0.0,0,147000000.0
RS,Uttar Pradesh,Smt. Sangeeta Yadav,196063957.11,,Elected MP,0.0,0,196063957.11
RS,Uttar Pradesh,Smt. Seema Dwivedi,173830159.11,,Elected MP,0.0,0,173830159.11
RS,Rajasthan,Smt. Sonia Gandhi,147000000.0,,Elected MP,0.0,0,147000000.0
RS,Karnataka,Smt. Sudha Murty,147000000.0,,Nominated MP,0.0,0,147000000.0
RS,Odisha,Smt. Sulata Deo,196084721.4,,Elected MP,0.0,0,196084721.4
RS,Madhya Pradesh,Smt. Sumitra Balmik,196063957.11,,Elected MP,0.0,0,196063957.11
